Series_Title,Released_Year,Certificate,Runtime,Genre,IMDB_Rating
The Shawshank Redemption,1994,A,142 min,Drama,9.3
The Godfather,1972,A,175 min,"Crime, Drama",9.2
The Dark Knight,2008,UA,152 min,"Action, Crime, Drama",9
The Godfather: Part II,1974,A,202 min,"Crime, Drama",9
12 Angry Men,1957,U,96 min,"Crime, Drama",9
The Lord of the Rings: The Return of the King,2003,U,201 min,"Action, Adventure, Drama",8.9
Pulp Fiction,1994,A,154 min,"Crime, Drama",8.9
Schindler's List,1993,A,195 min,"Biography, Drama, History",8.9
Inception,2010,UA,148 min,"Action, Adventure, Sci-Fi",8.8
Fight Club,1999,A,139 min,Drama,8.8
The Lord of the Rings: The Fellowship of the Ring,2001,U,178 min,"Action, Adventure, Drama",8.8
Forrest Gump,1994,UA,142 min,"Drama, Romance",8.8
"Il buono, il brutto, il cattivo",1966,A,161 min,Western,8.8
The Lord of the Rings: The Two Towers,2002,UA,179 min,"Action, Adventure, Drama",8.7
The Matrix,1999,A,136 min,"Action, Sci-Fi",8.7
Goodfellas,1990,A,146 min,"Biography, Crime, Drama",8.7
Star Wars: Episode V - The Empire Strikes Back,1980,UA,124 min,"Action, Adventure, Fantasy",8.7
One Flew Over the Cuckoo's Nest,1975,A,133 min,Drama,8.7
Hamilton,2020,PG-13,160 min,"Biography, Drama, History",8.6
Gisaengchung,2019,A,132 min,"Comedy, Drama, Thriller",8.6
Soorarai Pottru,2020,U,153 min,Drama,8.6
Interstellar,2014,UA,169 min,"Adventure, Drama, Sci-Fi",8.6
Cidade de Deus,2002,A,130 min,"Crime, Drama",8.6
Sen to Chihiro no kamikakushi,2001,U,125 min,"Animation, Adventure, Family",8.6
Saving Private Ryan,1998,R,169 min,"Drama, War",8.6
The Green Mile,1999,A,189 min,"Crime, Drama, Fantasy",8.6
La vita è bella,1997,U,116 min,"Comedy, Drama, Romance",8.6
Se7en,1995,A,127 min,"Crime, Drama, Mystery",8.6
The Silence of the Lambs,1991,A,118 min,"Crime, Drama, Thriller",8.6
Star Wars,1977,UA,121 min,"Action, Adventure, Fantasy",8.6
Seppuku,1962,,133 min,"Action, Drama, Mystery",8.6
Shichinin no samurai,1954,U,207 min,"Action, Adventure, Drama",8.6
It's a Wonderful Life,1946,PG,130 min,"Drama, Family, Fantasy",8.6
Joker,2019,A,122 min,"Crime, Drama, Thriller",8.5
Whiplash,2014,A,106 min,"Drama, Music",8.5
The Intouchables,2011,UA,112 min,"Biography, Comedy, Drama",8.5
The Prestige,2006,U,130 min,"Drama, Mystery, Sci-Fi",8.5
The Departed,2006,A,151 min,"Crime, Drama, Thriller",8.5
The Pianist,2002,R,150 min,"Biography, Drama, Music",8.5
Gladiator,2000,UA,155 min,"Action, Adventure, Drama",8.5
American History X,1998,R,119 min,Drama,8.5
The Usual Suspects,1995,A,106 min,"Crime, Mystery, Thriller",8.5
Léon,1994,A,110 min,"Action, Crime, Drama",8.5
The Lion King,1994,U,88 min,"Animation, Adventure, Drama",8.5
Terminator 2: Judgment Day,1991,U,137 min,"Action, Sci-Fi",8.5
Nuovo Cinema Paradiso,1988,U,155 min,"Drama, Romance",8.5
Hotaru no haka,1988,U,89 min,"Animation, Drama, War",8.5
Back to the Future,1985,U,116 min,"Adventure, Comedy, Sci-Fi",8.5
Once Upon a Time in the West,1968,U,165 min,Western,8.5
Psycho,1960,A,109 min,"Horror, Mystery, Thriller",8.5
Casablanca,1942,U,102 min,"Drama, Romance, War",8.5
Modern Times,1936,G,87 min,"Comedy, Drama, Family",8.5
City Lights,1931,G,87 min,"Comedy, Drama, Romance",8.5
Capharnaüm,2018,A,126 min,Drama,8.4
Ayla: The Daughter of War,2017,,125 min,"Biography, Drama, History",8.4
Vikram Vedha,2017,UA,147 min,"Action, Crime, Drama",8.4
Kimi no na wa.,2016,U,106 min,"Animation, Drama, Fantasy",8.4
Dangal,2016,U,161 min,"Action, Biography, Drama",8.4
Spider-Man: Into the Spider-Verse,2018,U,117 min,"Animation, Action, Adventure",8.4
Avengers: Endgame,2019,UA,181 min,"Action, Adventure, Drama",8.4
Avengers: Infinity War,2018,UA,149 min,"Action, Adventure, Sci-Fi",8.4
Coco,2017,U,105 min,"Animation, Adventure, Family",8.4
Django Unchained,2012,A,165 min,"Drama, Western",8.4
The Dark Knight Rises,2012,UA,164 min,"Action, Adventure",8.4
3 Idiots,2009,UA,170 min,"Comedy, Drama",8.4
Taare Zameen Par,2007,U,165 min,"Drama, Family",8.4
WALL·E,2008,U,98 min,"Animation, Adventure, Family",8.4
The Lives of Others,2006,A,137 min,"Drama, Mystery, Thriller",8.4
Oldeuboi,2003,A,101 min,"Action, Drama, Mystery",8.4
Memento,2000,UA,113 min,"Mystery, Thriller",8.4
Mononoke-hime,1997,U,134 min,"Animation, Action, Adventure",8.4
Once Upon a Time in America,1984,A,229 min,"Crime, Drama",8.4
Raiders of the Lost Ark,1981,A,115 min,"Action, Adventure",8.4
The Shining,1980,A,146 min,"Drama, Horror",8.4
Apocalypse Now,1979,R,147 min,"Drama, Mystery, War",8.4
Alien,1979,R,117 min,"Horror, Sci-Fi",8.4
Anand,1971,U,122 min,"Drama, Musical",8.4
Tengoku to jigoku,1963,,143 min,"Crime, Drama, Mystery",8.4
Dr. Strangelove or: How I Learned to Stop Worrying and Love the Bomb,1964,A,95 min,Comedy,8.4
Witness for the Prosecution,1957,U,116 min,"Crime, Drama, Mystery",8.4
Paths of Glory,1957,A,88 min,"Drama, War",8.4
Rear Window,1954,U,112 min,"Mystery, Thriller",8.4
Sunset Blvd.,1950,Passed,110 min,"Drama, Film-Noir",8.4
The Great Dictator,1940,Passed,125 min,"Comedy, Drama, War",8.4
1917,2019,R,119 min,"Drama, Thriller, War",8.3
Tumbbad,2018,A,104 min,"Drama, Fantasy, Horror",8.3
Andhadhun,2018,UA,139 min,"Crime, Drama, Music",8.3
Drishyam,2013,U,160 min,"Crime, Drama, Thriller",8.3
Jagten,2012,R,115 min,Drama,8.3
Jodaeiye Nader az Simin,2011,PG-13,123 min,Drama,8.3
Incendies,2010,R,131 min,"Drama, Mystery, War",8.3
Miracle in cell NO.7,2019,TV-14,132 min,Drama,8.3
Babam ve Oglum,2005,,112 min,"Drama, Family",8.3
Inglourious Basterds,2009,A,153 min,"Adventure, Drama, War",8.3
Eternal Sunshine of the Spotless Mind,2004,UA,108 min,"Drama, Romance, Sci-Fi",8.3
Amélie,2001,U,122 min,"Comedy, Romance",8.3
Snatch,2000,UA,104 min,"Comedy, Crime",8.3
Requiem for a Dream,2000,A,102 min,Drama,8.3
American Beauty,1999,UA,122 min,Drama,8.3
Good Will Hunting,1997,U,126 min,"Drama, Romance",8.3
Bacheha-Ye aseman,1997,PG,89 min,"Drama, Family, Sport",8.3
Toy Story,1995,U,81 min,"Animation, Adventure, Comedy",8.3
Braveheart,1995,A,178 min,"Biography, Drama, History",8.3
Reservoir Dogs,1992,R,99 min,"Crime, Drama, Thriller",8.3
Full Metal Jacket,1987,UA,116 min,"Drama, War",8.3
Idi i smotri,1985,A,142 min,"Drama, Thriller, War",8.3
Aliens,1986,U,137 min,"Action, Adventure, Sci-Fi",8.3
Amadeus,1984,R,160 min,"Biography, Drama, History",8.3
Scarface,1983,A,170 min,"Crime, Drama",8.3
Star Wars: Episode VI - Return of the Jedi,1983,U,131 min,"Action, Adventure, Fantasy",8.3
Das Boot,1981,R,149 min,"Adventure, Drama, Thriller",8.3
Taxi Driver,1976,A,114 min,"Crime, Drama",8.3
The Sting,1973,U,129 min,"Comedy, Crime, Drama",8.3
A Clockwork Orange,1971,A,136 min,"Crime, Drama, Sci-Fi",8.3
2001: A Space Odyssey,1968,U,149 min,"Adventure, Sci-Fi",8.3
Per qualche dollaro in più,1965,U,132 min,Western,8.3
Lawrence of Arabia,1962,U,228 min,"Adventure, Biography, Drama",8.3
The Apartment,1960,U,125 min,"Comedy, Drama, Romance",8.3
North by Northwest,1959,U,136 min,"Adventure, Mystery, Thriller",8.3
Vertigo,1958,A,128 min,"Mystery, Romance, Thriller",8.3
Singin' in the Rain,1952,G,103 min,"Comedy, Musical, Romance",8.3
Ikiru,1952,,143 min,Drama,8.3
Ladri di biciclette,1948,,89 min,Drama,8.3
Double Indemnity,1944,Passed,107 min,"Crime, Drama, Film-Noir",8.3
Citizen Kane,1941,UA,119 min,"Drama, Mystery",8.3
M - Eine Stadt sucht einen Mörder,1931,Passed,117 min,"Crime, Mystery, Thriller",8.3
Metropolis,1927,,153 min,"Drama, Sci-Fi",8.3
The Kid,1921,Passed,68 min,"Comedy, Drama, Family",8.3
Chhichhore,2019,UA,143 min,"Comedy, Drama",8.2
Uri: The Surgical Strike,2018,UA,138 min,"Action, Drama, War",8.2
K.G.F: Chapter 1,2018,UA,156 min,"Action, Drama",8.2
Green Book,2018,UA,130 min,"Biography, Comedy, Drama",8.2
"Three Billboards Outside Ebbing, Missouri",2017,A,115 min,"Comedy, Crime, Drama",8.2
Talvar,2015,UA,132 min,"Crime, Drama, Mystery",8.2
Baahubali 2: The Conclusion,2017,UA,167 min,"Action, Drama",8.2
Klaus,2019,PG,96 min,"Animation, Adventure, Comedy",8.2
Drishyam,2015,UA,163 min,"Crime, Drama, Mystery",8.2
Queen,2013,UA,146 min,"Adventure, Comedy, Drama",8.2
Mandariinid,2013,,87 min,"Drama, War",8.2
Bhaag Milkha Bhaag,2013,U,186 min,"Biography, Drama, Sport",8.2
Gangs of Wasseypur,2012,A,321 min,"Action, Comedy, Crime",8.2
Udaan,2010,UA,134 min,Drama,8.2
Paan Singh Tomar,2012,UA,135 min,"Action, Biography, Crime",8.2
El secreto de sus ojos,2009,R,129 min,"Drama, Mystery, Romance",8.2
Warrior,2011,UA,140 min,"Action, Drama, Sport",8.2
Shutter Island,2010,A,138 min,"Mystery, Thriller",8.2
Up,2009,U,96 min,"Animation, Adventure, Comedy",8.2
The Wolf of Wall Street,2013,A,180 min,"Biography, Crime, Drama",8.2
Chak De! India,2007,U,153 min,"Drama, Family, Sport",8.2
There Will Be Blood,2007,A,158 min,Drama,8.2
Pan's Labyrinth,2006,UA,118 min,"Drama, Fantasy, War",8.2
Toy Story 3,2010,U,103 min,"Animation, Adventure, Comedy",8.2
V for Vendetta,2005,A,132 min,"Action, Drama, Sci-Fi",8.2
Rang De Basanti,2006,UA,167 min,"Comedy, Crime, Drama",8.2
Black,2005,U,122 min,Drama,8.2
Batman Begins,2005,UA,140 min,"Action, Adventure",8.2
"Swades: We, the People",2004,U,210 min,Drama,8.2
Der Untergang,2004,R,156 min,"Biography, Drama, History",8.2
Hauru no ugoku shiro,2004,U,119 min,"Animation, Adventure, Family",8.2
A Beautiful Mind,2001,UA,135 min,"Biography, Drama",8.2
Hera Pheri,2000,U,156 min,"Action, Comedy, Crime",8.2
"Lock, Stock and Two Smoking Barrels",1998,A,107 min,"Action, Comedy, Crime",8.2
L.A. Confidential,1997,A,138 min,"Crime, Drama, Mystery",8.2
Eskiya,1996,,128 min,"Crime, Drama, Thriller",8.2
Heat,1995,A,170 min,"Crime, Drama, Thriller",8.2
Casino,1995,A,178 min,"Crime, Drama",8.2
Andaz Apna Apna,1994,U,160 min,"Action, Comedy, Romance",8.2
Unforgiven,1992,A,130 min,"Drama, Western",8.2
Indiana Jones and the Last Crusade,1989,U,127 min,"Action, Adventure",8.2
Dom za vesanje,1988,R,142 min,"Comedy, Crime, Drama",8.2
Tonari no Totoro,1988,U,86 min,"Animation, Family, Fantasy",8.2
Die Hard,1988,A,132 min,"Action, Thriller",8.2
Ran,1985,U,162 min,"Action, Drama, War",8.2
Raging Bull,1980,A,129 min,"Biography, Drama, Sport",8.2
Stalker,1979,U,162 min,"Drama, Sci-Fi",8.2
Höstsonaten,1978,U,99 min,"Drama, Music",8.2
The Message,1976,PG,177 min,"Biography, Drama, History",8.2
Sholay,1975,U,204 min,"Action, Adventure, Comedy",8.2
Monty Python and the Holy Grail,1975,PG,91 min,"Adventure, Comedy, Fantasy",8.2
The Great Escape,1963,U,172 min,"Adventure, Drama, History",8.2
To Kill a Mockingbird,1962,U,129 min,"Crime, Drama",8.2
Yôjinbô,1961,,110 min,"Action, Drama, Thriller",8.2
Judgment at Nuremberg,1961,A,179 min,"Drama, War",8.2
Some Like It Hot,1959,U,121 min,"Comedy, Music, Romance",8.2
Smultronstället,1957,U,91 min,"Drama, Romance",8.2
Det sjunde inseglet,1957,A,96 min,"Drama, Fantasy, History",8.2
Du rififi chez les hommes,1955,,118 min,"Crime, Drama, Thriller",8.2
Dial M for Murder,1954,A,105 min,"Crime, Thriller",8.2
Tôkyô monogatari,1953,U,136 min,Drama,8.2
Rashômon,1950,,88 min,"Crime, Drama, Mystery",8.2
All About Eve,1950,Passed,138 min,Drama,8.2
The Treasure of the Sierra Madre,1948,Passed,126 min,"Adventure, Drama, Western",8.2
To Be or Not to Be,1942,Passed,99 min,"Comedy, War",8.2
The Gold Rush,1925,Passed,95 min,"Adventure, Comedy, Drama",8.2
Sherlock Jr.,1924,Passed,45 min,"Action, Comedy, Romance",8.2
Portrait de la jeune fille en feu,2019,R,122 min,"Drama, Romance",8.1
Pink,2016,UA,136 min,"Drama, Thriller",8.1
Koe no katachi,2016,16,130 min,"Animation, Drama, Family",8.1
Contratiempo,2016,TV-MA,106 min,"Crime, Drama, Mystery",8.1
Ah-ga-ssi,2016,A,145 min,"Drama, Romance, Thriller",8.1
Mommy,2014,R,139 min,Drama,8.1
Haider,2014,UA,160 min,"Action, Crime, Drama",8.1
Logan,2017,A,137 min,"Action, Drama, Sci-Fi",8.1
Room,2015,R,118 min,"Drama, Thriller",8.1
Relatos salvajes,2014,R,122 min,"Comedy, Drama, Thriller",8.1
Soul,2020,U,100 min,"Animation, Adventure, Comedy",8.1
Kis Uykusu,2014,,196 min,Drama,8.1
PK,2014,UA,153 min,"Comedy, Drama, Musical",8.1
OMG: Oh My God!,2012,U,125 min,"Comedy, Drama, Fantasy",8.1
The Grand Budapest Hotel,2014,UA,99 min,"Adventure, Comedy, Crime",8.1
Gone Girl,2014,A,149 min,"Drama, Mystery, Thriller",8.1
Ôkami kodomo no Ame to Yuki,2012,U,117 min,"Animation, Drama, Fantasy",8.1
Hacksaw Ridge,2016,A,139 min,"Biography, Drama, History",8.1
Inside Out,2015,U,95 min,"Animation, Adventure, Comedy",8.1
Barfi!,2012,U,151 min,"Comedy, Drama, Romance",8.1
12 Years a Slave,2013,A,134 min,"Biography, Drama, History",8.1
Rush,2013,UA,123 min,"Action, Biography, Drama",8.1
Ford v Ferrari,2019,UA,152 min,"Action, Biography, Drama",8.1
Spotlight,2015,A,129 min,"Biography, Crime, Drama",8.1
Song of the Sea,2014,PG,93 min,"Animation, Adventure, Drama",8.1
Kahaani,2012,UA,122 min,"Mystery, Thriller",8.1
Zindagi Na Milegi Dobara,2011,U,155 min,"Comedy, Drama",8.1
Prisoners,2013,A,153 min,"Crime, Drama, Mystery",8.1
Mad Max: Fury Road,2015,UA,120 min,"Action, Adventure, Sci-Fi",8.1
A Wednesday,2008,UA,104 min,"Action, Crime, Drama",8.1
Gran Torino,2008,R,116 min,Drama,8.1
Harry Potter and the Deathly Hallows: Part 2,2011,UA,130 min,"Adventure, Drama, Fantasy",8.1
Okuribito,2008,PG-13,130 min,"Drama, Music",8.1
Hachi: A Dog's Tale,2009,G,93 min,"Biography, Drama, Family",8.1
Mary and Max,2009,,92 min,"Animation, Comedy, Drama",8.1
How to Train Your Dragon,2010,U,98 min,"Animation, Action, Adventure",8.1
Into the Wild,2007,R,148 min,"Adventure, Biography, Drama",8.1
No Country for Old Men,2007,R,122 min,"Crime, Drama, Thriller",8.1
Lage Raho Munna Bhai,2006,U,144 min,"Comedy, Drama, Romance",8.1
Million Dollar Baby,2004,UA,132 min,"Drama, Sport",8.1
Hotel Rwanda,2004,PG-13,121 min,"Biography, Drama, History",8.1
Taegukgi hwinalrimyeo,2004,R,140 min,"Action, Drama, War",8.1
Before Sunset,2004,R,80 min,"Drama, Romance",8.1
Munna Bhai M.B.B.S.,2003,U,156 min,"Comedy, Drama, Musical",8.1
Salinui chueok,2003,UA,131 min,"Crime, Drama, Mystery",8.1
Dil Chahta Hai,2001,Unrated,183 min,"Comedy, Drama, Romance",8.1
Kill Bill: Vol. 1,2003,R,111 min,"Action, Crime, Drama",8.1
Finding Nemo,2003,U,100 min,"Animation, Adventure, Comedy",8.1
Catch Me If You Can,2002,A,141 min,"Biography, Crime, Drama",8.1
Amores perros,2000,A,154 min,"Drama, Thriller",8.1
"Monsters, Inc.",2001,U,92 min,"Animation, Adventure, Comedy",8.1
"Shin seiki Evangelion Gekijô-ban: Air/Magokoro wo, kimi ni",1997,UA,87 min,"Animation, Action, Drama",8.1
Lagaan: Once Upon a Time in India,2001,U,224 min,"Adventure, Drama, Musical",8.1
The Sixth Sense,1999,A,107 min,"Drama, Mystery, Thriller",8.1
La leggenda del pianista sull'oceano,1998,U,169 min,"Drama, Music, Romance",8.1
The Truman Show,1998,U,103 min,"Comedy, Drama",8.1
"Crna macka, beli macor",1998,R,127 min,"Comedy, Crime, Romance",8.1
The Big Lebowski,1998,R,117 min,"Comedy, Crime, Sport",8.1
Fa yeung nin wah,2000,U,98 min,"Drama, Romance",8.1
Trainspotting,1996,A,93 min,Drama,8.1
Fargo,1996,A,98 min,"Crime, Drama, Thriller",8.1
Underground,1995,,170 min,"Comedy, Drama, War",8.1
La haine,1995,UA,98 min,"Crime, Drama",8.1
Dilwale Dulhania Le Jayenge,1995,U,189 min,"Drama, Romance",8.1
Before Sunrise,1995,R,101 min,"Drama, Romance",8.1
Trois couleurs: Rouge,1994,U,99 min,"Drama, Mystery, Romance",8.1
Chung Hing sam lam,1994,U,102 min,"Comedy, Crime, Drama",8.1
Jurassic Park,1993,UA,127 min,"Action, Adventure, Sci-Fi",8.1
In the Name of the Father,1993,UA,133 min,"Biography, Crime, Drama",8.1
Ba wang bie ji,1993,R,171 min,"Drama, Music, Romance",8.1
Dà hóng denglong gaogao guà,1991,PG,125 min,"Drama, History, Romance",8.1
Dead Poets Society,1989,U,128 min,"Comedy, Drama",8.1
Stand by Me,1986,U,89 min,"Adventure, Drama",8.1
Platoon,1986,A,120 min,"Drama, War",8.1
"Paris, Texas",1984,U,145 min,Drama,8.1
Kaze no tani no Naushika,1984,U,117 min,"Animation, Adventure, Fantasy",8.1
The Thing,1982,A,109 min,"Horror, Mystery, Sci-Fi",8.1
Pink Floyd: The Wall,1982,UA,95 min,"Drama, Fantasy, Music",8.1
Fitzcarraldo,1982,R,158 min,"Adventure, Drama",8.1
Fanny och Alexander,1982,A,188 min,Drama,8.1
Blade Runner,1982,UA,117 min,"Action, Sci-Fi, Thriller",8.1
The Elephant Man,1980,UA,124 min,"Biography, Drama",8.1
Life of Brian,1979,R,94 min,Comedy,8.1
The Deer Hunter,1978,A,183 min,"Drama, War",8.1
Rocky,1976,U,120 min,"Drama, Sport",8.1
Network,1976,UA,121 min,Drama,8.1
Barry Lyndon,1975,PG,185 min,"Adventure, Drama, History",8.1
Zerkalo,1975,G,107 min,"Biography, Drama",8.1
Chinatown,1974,UA,130 min,"Drama, Mystery, Thriller",8.1
Paper Moon,1973,U,102 min,"Comedy, Crime, Drama",8.1
Viskningar och rop,1972,A,91 min,Drama,8.1
Solaris,1972,PG,167 min,"Drama, Mystery, Sci-Fi",8.1
Le samouraï,1967,GP,105 min,"Crime, Drama, Mystery",8.1
Cool Hand Luke,1967,A,127 min,"Crime, Drama",8.1
Persona,1966,,85 min,"Drama, Thriller",8.1
Andrei Rublev,1966,R,205 min,"Biography, Drama, History",8.1
La battaglia di Algeri,1966,,121 min,"Drama, War",8.1
El ángel exterminador,1962,,95 min,"Drama, Fantasy",8.1
What Ever Happened to Baby Jane?,1962,Passed,134 min,"Drama, Horror, Thriller",8.1
Sanjuro,1962,U,96 min,"Action, Comedy, Crime",8.1
The Man Who Shot Liberty Valance,1962,,123 min,"Drama, Western",8.1
Ivanovo detstvo,1962,,95 min,"Drama, War",8.1
Jungfrukällan,1960,A,89 min,Drama,8.1
Inherit the Wind,1960,Passed,128 min,"Biography, Drama, History",8.1
Les quatre cents coups,1959,,99 min,"Crime, Drama",8.1
Ben-Hur,1959,U,212 min,"Adventure, Drama, History",8.1
Kakushi-toride no san-akunin,1958,,139 min,"Adventure, Drama",8.1
Le notti di Cabiria,1957,,110 min,Drama,8.1
Kumonosu-jô,1957,,110 min,"Drama, History",8.1
The Bridge on the River Kwai,1957,PG,161 min,"Adventure, Drama, War",8.1
On the Waterfront,1954,A,108 min,"Crime, Drama, Thriller",8.1
Le salaire de la peur,1953,U,131 min,"Adventure, Drama, Thriller",8.1
Ace in the Hole,1951,Approved,111 min,"Drama, Film-Noir",8.1
White Heat,1949,,114 min,"Action, Crime, Drama",8.1
The Third Man,1949,Approved,104 min,"Film-Noir, Mystery, Thriller",8.1
The Red Shoes,1948,,135 min,"Drama, Music, Romance",8.1
The Shop Around the Corner,1940,,99 min,"Comedy, Drama, Romance",8.1
Rebecca,1940,Approved,130 min,"Drama, Mystery, Romance",8.1
Mr. Smith Goes to Washington,1939,Passed,129 min,"Comedy, Drama",8.1
Gone with the Wind,1939,U,238 min,"Drama, History, Romance",8.1
La Grande Illusion,1937,,113 min,"Drama, War",8.1
It Happened One Night,1934,Approved,105 min,"Comedy, Romance",8.1
La passion de Jeanne d'Arc,1928,Passed,110 min,"Biography, Drama, History",8.1
The Circus,1928,Passed,72 min,"Comedy, Romance",8.1
Sunrise: A Song of Two Humans,1927,Passed,94 min,"Drama, Romance",8.1
The General,1926,Passed,67 min,"Action, Adventure, Comedy",8.1
Das Cabinet des Dr. Caligari,1920,,76 min,"Fantasy, Horror, Mystery",8.1
Badhaai ho,2018,UA,124 min,"Comedy, Drama",8
Togo,2019,U,113 min,"Adventure, Biography, Drama",8
Airlift,2016,UA,130 min,"Drama, History",8
Bajrangi Bhaijaan,2015,UA,163 min,"Action, Adventure, Comedy",8
Baby,2015,UA,159 min,"Action, Crime, Thriller",8
La La Land,2016,A,128 min,"Comedy, Drama, Music",8
Lion,2016,U,118 min,"Biography, Drama",8
The Martian,2015,UA,144 min,"Adventure, Drama, Sci-Fi",8
Zootopia,2016,U,108 min,"Animation, Adventure, Comedy",8
Bãhubali: The Beginning,2015,UA,159 min,"Action, Drama",8
Kaguyahime no monogatari,2013,U,137 min,"Animation, Adventure, Drama",8
Wonder,2017,U,113 min,"Drama, Family",8
Gully Boy,2019,UA,154 min,"Drama, Music, Romance",8
Special Chabbis,2013,UA,144 min,"Crime, Drama, Thriller",8
Short Term 12,2013,R,96 min,Drama,8
Serbuan maut 2: Berandal,2014,A,150 min,"Action, Crime, Thriller",8
The Imitation Game,2014,UA,114 min,"Biography, Drama, Thriller",8
Guardians of the Galaxy,2014,UA,121 min,"Action, Adventure, Comedy",8
Blade Runner 2049,2017,UA,164 min,"Action, Drama, Mystery",8
Her,2013,A,126 min,"Drama, Romance, Sci-Fi",8
Bohemian Rhapsody,2018,UA,134 min,"Biography, Drama, Music",8
The Revenant,2015,A,156 min,"Action, Adventure, Drama",8
The Perks of Being a Wallflower,2012,UA,103 min,"Drama, Romance",8
Tropa de Elite 2: O Inimigo Agora é Outro,2010,,115 min,"Action, Crime, Drama",8
The King's Speech,2010,U,118 min,"Biography, Drama, History",8
The Help,2011,UA,146 min,Drama,8
Deadpool,2016,R,108 min,"Action, Adventure, Comedy",8
Darbareye Elly,2009,TV-PG,119 min,"Drama, Mystery",8
Dev.D,2009,A,144 min,"Drama, Romance",8
Yip Man,2008,R,106 min,"Action, Biography, Drama",8
My Name Is Khan,2010,UA,165 min,Drama,8
Nefes: Vatan Sagolsun,2009,,128 min,"Action, Drama, Thriller",8
Slumdog Millionaire,2008,UA,120 min,"Drama, Romance",8
Black Swan,2010,A,108 min,"Drama, Thriller",8
Tropa de Elite,2007,R,115 min,"Action, Crime, Drama",8
The Avengers,2012,UA,143 min,"Action, Adventure, Sci-Fi",8
Persepolis,2007,PG-13,96 min,"Animation, Biography, Drama",8
Dallas Buyers Club,2013,R,117 min,"Biography, Drama",8
The Pursuit of Happyness,2006,U,117 min,"Biography, Drama",8
Blood Diamond,2006,A,143 min,"Adventure, Drama, Thriller",8
The Bourne Ultimatum,2007,UA,115 min,"Action, Mystery, Thriller",8
Bin-jip,2004,U,88 min,"Crime, Drama, Romance",8
Sin City,2005,A,124 min,"Crime, Thriller",8
Le scaphandre et le papillon,2007,PG-13,112 min,"Biography, Drama",8
G.O.R.A.,2004,,127 min,"Adventure, Comedy, Sci-Fi",8
Ratatouille,2007,U,111 min,"Animation, Adventure, Comedy",8
Casino Royale,2006,PG-13,144 min,"Action, Adventure, Thriller",8
Kill Bill: Vol. 2,2004,A,137 min,"Action, Crime, Thriller",8
Vozvrashchenie,2003,,110 min,Drama,8
Bom Yeoareum Gaeul Gyeoul Geurigo Bom,2003,R,103 min,"Drama, Romance",8
Mar adentro,2014,U,126 min,"Biography, Drama",8
Cinderella Man,2005,UA,144 min,"Biography, Drama, History",8
Kal Ho Naa Ho,2003,U,186 min,"Comedy, Drama, Musical",8
Mou gaan dou,2002,UA,101 min,"Action, Crime, Drama",8
Pirates of the Caribbean: The Curse of the Black Pearl,2003,UA,143 min,"Action, Adventure, Fantasy",8
Big Fish,2003,U,125 min,"Adventure, Drama, Fantasy",8
The Incredibles,2004,U,115 min,"Animation, Action, Adventure",8
Yeopgijeogin geunyeo,2001,,137 min,"Comedy, Drama, Romance",8
Dogville,2003,R,178 min,"Crime, Drama",8
Vizontele,2001,,110 min,"Comedy, Drama",8
Donnie Darko,2001,R,113 min,"Drama, Mystery, Sci-Fi",8
Magnolia,1999,R,188 min,Drama,8
Dancer in the Dark,2000,U,140 min,"Crime, Drama, Musical",8
The Straight Story,1999,U,112 min,"Biography, Drama",8
Pâfekuto burû,1997,A,81 min,"Animation, Crime, Mystery",8
Festen,1998,R,105 min,Drama,8
Central do Brasil,1998,R,110 min,Drama,8
The Iron Giant,1999,PG,86 min,"Animation, Action, Adventure",8
Knockin' on Heaven's Door,1997,,87 min,"Action, Crime, Comedy",8
Sling Blade,1996,R,135 min,Drama,8
Secrets & Lies,1996,U,136 min,"Comedy, Drama",8
Twelve Monkeys,1995,A,129 min,"Mystery, Sci-Fi, Thriller",8
Kôkaku Kidôtai,1995,UA,83 min,"Animation, Action, Crime",8
The Nightmare Before Christmas,1993,U,76 min,"Animation, Family, Fantasy",8
Groundhog Day,1993,U,101 min,"Comedy, Fantasy, Romance",8
Bound by Honor,1993,R,180 min,"Crime, Drama",8
Scent of a Woman,1992,UA,156 min,Drama,8
Aladdin,1992,U,90 min,"Animation, Adventure, Comedy",8
JFK,1991,UA,189 min,"Drama, History, Thriller",8
Beauty and the Beast,1991,G,84 min,"Animation, Family, Fantasy",8
Dances with Wolves,1990,U,181 min,"Adventure, Drama, Western",8
Do the Right Thing,1989,R,120 min,"Comedy, Drama",8
Rain Man,1988,U,133 min,Drama,8
Akira,1988,UA,124 min,"Animation, Action, Sci-Fi",8
The Princess Bride,1987,U,98 min,"Adventure, Family, Fantasy",8
Der Himmel über Berlin,1987,U,128 min,"Drama, Fantasy, Romance",8
Au revoir les enfants,1987,U,104 min,"Drama, War",8
Tenkû no shiro Rapyuta,1986,U,125 min,"Animation, Adventure, Drama",8
The Terminator,1984,UA,107 min,"Action, Sci-Fi",8
Gandhi,1982,U,191 min,"Biography, Drama, History",8
Kagemusha,1980,U,180 min,"Drama, History, War",8
Being There,1979,PG,130 min,"Comedy, Drama",8
Annie Hall,1977,A,93 min,"Comedy, Romance",8
Jaws,1975,A,124 min,"Adventure, Thriller",8
Dog Day Afternoon,1975,U,125 min,"Biography, Crime, Drama",8
Young Frankenstein,1974,A,106 min,Comedy,8
Papillon,1973,R,151 min,"Biography, Crime, Drama",8
The Exorcist,1973,A,122 min,Horror,8
Sleuth,1972,PG,138 min,"Mystery, Thriller",8
The Last Picture Show,1971,R,118 min,"Drama, Romance",8
Fiddler on the Roof,1971,G,181 min,"Drama, Family, Musical",8
Il conformista,1970,UA,113 min,Drama,8
Butch Cassidy and the Sundance Kid,1969,PG,110 min,"Biography, Crime, Drama",8
Rosemary's Baby,1968,A,137 min,"Drama, Horror",8
Planet of the Apes,1968,U,112 min,"Adventure, Sci-Fi",8
The Graduate,1967,A,106 min,"Comedy, Drama, Romance",8
Who's Afraid of Virginia Woolf?,1966,A,131 min,Drama,8
The Sound of Music,1965,U,172 min,"Biography, Drama, Family",8
Doctor Zhivago,1965,A,197 min,"Drama, Romance, War",8
Per un pugno di dollari,1964,A,99 min,"Action, Drama, Western",8
8½,1963,,138 min,Drama,8
Vivre sa vie: Film en douze tableaux,1962,,80 min,Drama,8
The Hustler,1961,A,134 min,"Drama, Sport",8
La dolce vita,1960,A,174 min,"Comedy, Drama",8
Rio Bravo,1959,Passed,141 min,"Action, Drama, Western",8
Anatomy of a Murder,1959,,161 min,"Crime, Drama, Mystery",8
Touch of Evil,1958,PG-13,95 min,"Crime, Drama, Film-Noir",8
Cat on a Hot Tin Roof,1958,A,108 min,Drama,8
Sweet Smell of Success,1957,Approved,96 min,"Drama, Film-Noir",8
The Killing,1956,Approved,84 min,"Crime, Drama, Film-Noir",8
The Night of the Hunter,1955,,92 min,"Crime, Drama, Film-Noir",8
La Strada,1954,,108 min,Drama,8
Les diaboliques,1955,,117 min,"Crime, Drama, Horror",8
Stalag 17,1953,,120 min,"Comedy, Drama, War",8
Roman Holiday,1953,,118 min,"Comedy, Romance",8
A Streetcar Named Desire,1951,A,122 min,Drama,8
In a Lonely Place,1950,,94 min,"Drama, Film-Noir, Mystery",8
Kind Hearts and Coronets,1949,U,106 min,"Comedy, Crime",8
Rope,1948,A,80 min,"Crime, Drama, Mystery",8
Out of the Past,1947,,97 min,"Crime, Drama, Film-Noir",8
Brief Encounter,1945,U,86 min,"Drama, Romance",8
Laura,1944,Passed,88 min,"Drama, Film-Noir, Mystery",8
The Best Years of Our Lives,1946,Approved,170 min,"Drama, Romance, War",8
Arsenic and Old Lace,1942,,118 min,"Comedy, Crime, Thriller",8
The Maltese Falcon,1941,,100 min,"Film-Noir, Mystery",8
The Grapes of Wrath,1940,Passed,129 min,"Drama, History",8
The Wizard of Oz,1939,U,102 min,"Adventure, Family, Fantasy",8
La règle du jeu,1939,,110 min,"Comedy, Drama",8
The Thin Man,1934,TV-PG,91 min,"Comedy, Crime, Mystery",8
All Quiet on the Western Front,1930,U,152 min,"Drama, War",8
Bronenosets Potemkin,1925,,75 min,"Drama, History, Thriller",8
Knives Out,2019,UA,130 min,"Comedy, Crime, Drama",7.9
Dil Bechara,2020,UA,101 min,"Comedy, Drama, Romance",7.9
Manbiki kazoku,2018,A,121 min,"Crime, Drama",7.9
Marriage Story,2019,U,137 min,"Comedy, Drama, Romance",7.9
Call Me by Your Name,2017,UA,132 min,"Drama, Romance",7.9
"I, Daniel Blake",2016,UA,100 min,Drama,7.9
Isle of Dogs,2018,U,101 min,"Animation, Adventure, Comedy",7.9
Hunt for the Wilderpeople,2016,UA,101 min,"Adventure, Comedy, Drama",7.9
Captain Fantastic,2016,R,118 min,"Comedy, Drama",7.9
Sing Street,2016,PG-13,106 min,"Comedy, Drama, Music",7.9
Thor: Ragnarok,2017,UA,130 min,"Action, Adventure, Comedy",7.9
Nightcrawler,2014,A,117 min,"Crime, Drama, Thriller",7.9
Jojo Rabbit,2019,UA,108 min,"Comedy, Drama, War",7.9
Arrival,2016,UA,116 min,"Drama, Sci-Fi",7.9
Star Wars: Episode VII - The Force Awakens,2015,U,138 min,"Action, Adventure, Sci-Fi",7.9
Before Midnight,2013,R,109 min,"Drama, Romance",7.9
X-Men: Days of Future Past,2014,UA,132 min,"Action, Adventure, Sci-Fi",7.9
Bir Zamanlar Anadolu'da,2011,,157 min,"Crime, Drama",7.9
The Artist,2011,U,100 min,"Comedy, Drama, Romance",7.9
Edge of Tomorrow,2014,UA,113 min,"Action, Adventure, Sci-Fi",7.9
Amour,2012,UA,127 min,"Drama, Romance",7.9
The Irishman,2019,R,209 min,"Biography, Crime, Drama",7.9
Un prophète,2009,A,155 min,"Crime, Drama",7.9
Moon,2009,R,97 min,"Drama, Mystery, Sci-Fi",7.9
Låt den rätte komma in,2008,R,114 min,"Crime, Drama, Fantasy",7.9
District 9,2009,A,112 min,"Action, Sci-Fi, Thriller",7.9
The Wrestler,2008,UA,109 min,"Drama, Sport",7.9
Jab We Met,2007,U,138 min,"Comedy, Drama, Romance",7.9
Boyhood,2014,A,165 min,Drama,7.9
"4 luni, 3 saptamâni si 2 zile",2007,,113 min,Drama,7.9
Star Trek,2009,UA,127 min,"Action, Adventure, Sci-Fi",7.9
In Bruges,2008,R,107 min,"Comedy, Crime, Drama",7.9
The Man from Earth,2007,,87 min,"Drama, Fantasy, Mystery",7.9
Letters from Iwo Jima,2006,UA,141 min,"Action, Adventure, Drama",7.9
The Fall,2006,R,117 min,"Adventure, Drama, Fantasy",7.9
Life of Pi,2012,U,127 min,"Adventure, Drama, Fantasy",7.9
Fantastic Mr. Fox,2009,PG,87 min,"Animation, Adventure, Comedy",7.9
C.R.A.Z.Y.,2005,,129 min,"Comedy, Drama",7.9
Les choristes,2004,PG-13,97 min,"Drama, Music",7.9
Iron Man,2008,UA,126 min,"Action, Adventure, Sci-Fi",7.9
Shaun of the Dead,2004,UA,99 min,"Comedy, Horror",7.9
Gegen die Wand,2004,R,121 min,"Drama, Romance",7.9
Mystic River,2003,A,138 min,"Crime, Drama, Mystery",7.9
Harry Potter and the Prisoner of Azkaban,2004,U,142 min,"Adventure, Family, Fantasy",7.9
Ying xiong,2002,PG-13,120 min,"Action, Adventure, History",7.9
Hable con ella,2002,R,112 min,"Drama, Mystery, Romance",7.9
No Man's Land,2001,R,98 min,"Comedy, Drama, War",7.9
Cowboy Bebop: Tengoku no tobira,2001,U,115 min,"Animation, Action, Crime",7.9
The Bourne Identity,2002,UA,119 min,"Action, Mystery, Thriller",7.9
Nueve reinas,2000,R,114 min,"Crime, Drama, Thriller",7.9
Children of Men,2006,A,109 min,"Adventure, Drama, Sci-Fi",7.9
Almost Famous,2000,A,122 min,"Adventure, Comedy, Drama",7.9
Mulholland Dr.,2001,R,147 min,"Drama, Mystery, Thriller",7.9
Toy Story 2,1999,U,92 min,"Animation, Adventure, Comedy",7.9
Boogie Nights,1997,R,155 min,Drama,7.9
Mimi wo sumaseba,1995,U,111 min,"Animation, Drama, Family",7.9
Once Were Warriors,1994,A,102 min,"Crime, Drama",7.9
True Romance,1993,R,119 min,"Crime, Drama, Romance",7.9
Trois couleurs: Bleu,1993,U,94 min,"Drama, Music, Mystery",7.9
Jûbê ninpûchô,1993,A,94 min,"Animation, Action, Adventure",7.9
Carlito's Way,1993,A,144 min,"Crime, Drama, Thriller",7.9
Edward Scissorhands,1990,U,105 min,"Drama, Fantasy, Romance",7.9
My Left Foot: The Story of Christy Brown,1989,U,103 min,"Biography, Drama",7.9
Crimes and Misdemeanors,1989,PG-13,104 min,"Comedy, Drama",7.9
The Untouchables,1987,A,119 min,"Crime, Drama, Thriller",7.9
Hannah and Her Sisters,1986,PG-13,107 min,"Comedy, Drama",7.9
Brazil,1985,U,132 min,"Drama, Sci-Fi",7.9
This Is Spinal Tap,1984,R,82 min,"Comedy, Music",7.9
A Christmas Story,1983,U,93 min,"Comedy, Family",7.9
The Blues Brothers,1980,U,133 min,"Action, Adventure, Comedy",7.9
Manhattan,1979,R,96 min,"Comedy, Drama, Romance",7.9
All That Jazz,1979,A,123 min,"Drama, Music, Musical",7.9
Dawn of the Dead,1978,A,127 min,"Action, Adventure, Horror",7.9
All the President's Men,1976,U,138 min,"Biography, Drama, History",7.9
La montaña sagrada,1973,R,114 min,"Adventure, Drama, Fantasy",7.9
Amarcord,1973,R,123 min,"Comedy, Drama, Family",7.9
Le charme discret de la bourgeoisie,1972,PG,102 min,Comedy,7.9
"Aguirre, der Zorn Gottes",1972,,95 min,"Action, Adventure, Biography",7.9
Harold and Maude,1971,PG,91 min,"Comedy, Drama, Romance",7.9
Patton,1970,U,172 min,"Biography, Drama, War",7.9
The Wild Bunch,1969,A,145 min,"Action, Adventure, Western",7.9
Night of the Living Dead,1968,,96 min,"Horror, Thriller",7.9
The Lion in Winter,1968,PG,134 min,"Biography, Drama, History",7.9
In the Heat of the Night,1967,U,110 min,"Crime, Drama, Mystery",7.9
Charade,1963,U,113 min,"Comedy, Mystery, Romance",7.9
The Manchurian Candidate,1962,PG-13,126 min,"Drama, Thriller",7.9
Spartacus,1960,A,197 min,"Adventure, Biography, Drama",7.9
L'avventura,1960,U,144 min,"Drama, Mystery",7.9
Hiroshima mon amour,1959,,90 min,"Drama, Romance",7.9
The Ten Commandments,1956,U,220 min,"Adventure, Drama",7.9
The Searchers,1956,Passed,119 min,"Adventure, Drama, Western",7.9
East of Eden,1955,U,118 min,Drama,7.9
High Noon,1952,PG,85 min,"Drama, Thriller, Western",7.9
Strangers on a Train,1951,A,101 min,"Crime, Film-Noir, Thriller",7.9
Harvey,1950,Approved,104 min,"Comedy, Drama, Fantasy",7.9
Miracle on 34th Street,1947,,96 min,"Comedy, Drama, Family",7.9
Notorious,1946,U,102 min,"Drama, Film-Noir, Romance",7.9
The Big Sleep,1946,Passed,114 min,"Crime, Film-Noir, Mystery",7.9
The Lost Weekend,1945,Passed,101 min,"Drama, Film-Noir",7.9
The Philadelphia Story,1940,,112 min,"Comedy, Romance",7.9
His Girl Friday,1940,Passed,92 min,"Comedy, Drama, Romance",7.9
The Adventures of Robin Hood,1938,PG,102 min,"Action, Adventure, Romance",7.9
A Night at the Opera,1935,Passed,96 min,"Comedy, Music, Musical",7.9
King Kong,1933,Passed,100 min,"Adventure, Horror, Sci-Fi",7.9
Freaks,1932,,64 min,"Drama, Horror",7.9
Nosferatu,1922,,94 min,"Fantasy, Horror",7.9
The Gentlemen,2019,A,113 min,"Action, Comedy, Crime",7.8
Raazi,2018,UA,138 min,"Action, Drama, Thriller",7.8
Sound of Metal,2019,R,120 min,"Drama, Music",7.8
Forushande,2016,UA,124 min,Drama,7.8
Dunkirk,2017,UA,106 min,"Action, Drama, History",7.8
Perfetti sconosciuti,2016,,96 min,"Comedy, Drama",7.8
Hidden Figures,2016,UA,127 min,"Biography, Drama, History",7.8
Paddington 2,2017,U,103 min,"Adventure, Comedy, Family",7.8
Udta Punjab,2016,A,148 min,"Action, Crime, Drama",7.8
Kubo and the Two Strings,2016,PG,101 min,"Animation, Action, Adventure",7.8
M.S. Dhoni: The Untold Story,2016,U,184 min,"Biography, Drama, Sport",7.8
Manchester by the Sea,2016,UA,137 min,Drama,7.8
Under sandet,2015,R,100 min,"Drama, History, War",7.8
Rogue One,2016,UA,133 min,"Action, Adventure, Sci-Fi",7.8
Captain America: Civil War,2016,UA,147 min,"Action, Adventure, Sci-Fi",7.8
The Hateful Eight,2015,A,168 min,"Crime, Drama, Mystery",7.8
Little Women,2019,U,135 min,"Drama, Romance",7.8
Loving Vincent,2017,UA,94 min,"Animation, Biography, Crime",7.8
Pride,2014,R,119 min,"Biography, Comedy, Drama",7.8
Le passé,2013,PG-13,130 min,"Drama, Mystery",7.8
La grande bellezza,2013,,141 min,Drama,7.8
The Lunchbox,2013,U,104 min,"Drama, Romance",7.8
Vicky Donor,2012,UA,126 min,"Comedy, Romance",7.8
Big Hero 6,2014,U,102 min,"Animation, Action, Adventure",7.8
About Time,2013,R,123 min,"Comedy, Drama, Fantasy",7.8
English Vinglish,2012,U,134 min,"Comedy, Drama, Family",7.8
Kaze tachinu,2013,PG-13,126 min,"Animation, Biography, Drama",7.8
Toy Story 4,2019,U,100 min,"Animation, Adventure, Comedy",7.8
La migliore offerta,2013,R,131 min,"Crime, Drama, Mystery",7.8
Moonrise Kingdom,2012,A,94 min,"Comedy, Drama, Romance",7.8
How to Train Your Dragon 2,2014,U,102 min,"Animation, Action, Adventure",7.8
The Big Short,2015,A,130 min,"Biography, Comedy, Drama",7.8
Kokuhaku,2010,,106 min,"Drama, Thriller",7.8
Ang-ma-reul bo-at-da,2010,,144 min,"Action, Crime, Drama",7.8
The Girl with the Dragon Tattoo,2011,R,158 min,"Crime, Drama, Mystery",7.8
Captain Phillips,2013,UA,134 min,"Adventure, Biography, Crime",7.8
Ajeossi,2010,R,119 min,"Action, Crime, Drama",7.8
Straight Outta Compton,2015,R,147 min,"Biography, Drama, History",7.8
Madeo,2009,R,129 min,"Crime, Drama, Mystery",7.8
Chugyeokja,2008,,125 min,"Action, Crime, Thriller",7.8
The Hobbit: The Desolation of Smaug,2013,UA,161 min,"Adventure, Fantasy",7.8
Das weiße Band - Eine deutsche Kindergeschichte,2009,UA,144 min,"Drama, History, Mystery",7.8
Män som hatar kvinnor,2009,R,152 min,"Crime, Drama, Mystery",7.8
The Trial of the Chicago 7,2020,R,129 min,"Drama, History, Thriller",7.8
Druk,2020,,117 min,"Comedy, Drama",7.8
The Fighter,2010,UA,116 min,"Biography, Drama, Sport",7.8
Taken,2008,A,90 min,"Action, Thriller",7.8
The Boy in the Striped Pyjamas,2008,PG-13,94 min,"Drama, History, War",7.8
Once,2007,R,86 min,"Drama, Music, Romance",7.8
The Hobbit: An Unexpected Journey,2012,UA,169 min,"Adventure, Fantasy",7.8
Auf der anderen Seite,2007,,122 min,Drama,7.8
Atonement,2007,R,123 min,"Drama, Mystery, Romance",7.8
Drive,2011,A,100 min,"Crime, Drama",7.8
American Gangster,2007,A,157 min,"Biography, Crime, Drama",7.8
Avatar,2009,UA,162 min,"Action, Adventure, Fantasy",7.8
Mr. Nobody,2009,R,141 min,"Drama, Fantasy, Romance",7.8
Apocalypto,2006,A,139 min,"Action, Adventure, Drama",7.8
Little Miss Sunshine,2006,UA,101 min,"Comedy, Drama",7.8
Hot Fuzz,2007,UA,121 min,"Action, Comedy, Mystery",7.8
The Curious Case of Benjamin Button,2008,UA,166 min,"Drama, Fantasy, Romance",7.8
Veer-Zaara,2004,U,192 min,"Drama, Family, Musical",7.8
Adams æbler,2005,R,94 min,"Comedy, Crime, Drama",7.8
Pride & Prejudice,2005,PG,129 min,"Drama, Romance",7.8
The World's Fastest Indian,2005,U,127 min,"Biography, Drama, Sport",7.8
Tôkyô goddofâzâzu,2003,UA,90 min,"Animation, Adventure, Comedy",7.8
Serenity,2005,PG-13,119 min,"Action, Adventure, Sci-Fi",7.8
Walk the Line,2005,PG-13,136 min,"Biography, Drama, Music",7.8
Ondskan,2003,,113 min,Drama,7.8
The Notebook,2004,A,123 min,"Drama, Romance",7.8
Diarios de motocicleta,2004,U,126 min,"Adventure, Biography, Drama",7.8
Lilja 4-ever,2002,R,109 min,"Crime, Drama",7.8
Les triplettes de Belleville,2003,PG-13,80 min,"Animation, Comedy, Drama",7.8
Gongdong gyeongbi guyeok JSA,2000,,110 min,"Action, Drama, Thriller",7.8
The Count of Monte Cristo,2002,PG-13,131 min,"Action, Adventure, Drama",7.8
Waking Life,2001,R,99 min,"Animation, Drama, Fantasy",7.8
Remember the Titans,2000,U,113 min,"Biography, Drama, Sport",7.8
Wo hu cang long,2000,UA,120 min,"Action, Adventure, Fantasy",7.8
Todo sobre mi madre,1999,R,101 min,Drama,7.8
Cast Away,2000,UA,143 min,"Adventure, Drama, Romance",7.8
The Boondock Saints,1999,R,108 min,"Action, Crime, Thriller",7.8
The Insider,1999,UA,157 min,"Biography, Drama, Thriller",7.8
October Sky,1999,PG,108 min,"Biography, Drama, Family",7.8
Shrek,2001,U,90 min,"Animation, Adventure, Comedy",7.8
Titanic,1997,UA,194 min,"Drama, Romance",7.8
Hana-bi,1997,,103 min,"Crime, Drama, Romance",7.8
Gattaca,1997,UA,106 min,"Drama, Sci-Fi, Thriller",7.8
The Game,1997,UA,129 min,"Action, Drama, Mystery",7.8
Breaking the Waves,1996,R,159 min,Drama,7.8
Ed Wood,1994,U,127 min,"Biography, Comedy, Drama",7.8
What's Eating Gilbert Grape,1993,U,118 min,Drama,7.8
Tombstone,1993,R,130 min,"Action, Biography, Drama",7.8
The Sandlot,1993,U,101 min,"Comedy, Drama, Family",7.8
The Remains of the Day,1993,U,134 min,"Drama, Romance",7.8
Naked,1993,,132 min,"Comedy, Drama",7.8
The Fugitive,1993,U,130 min,"Action, Crime, Drama",7.8
A Bronx Tale,1993,R,121 min,"Crime, Drama, Romance",7.8
Batman: Mask of the Phantasm,1993,PG,76 min,"Animation, Action, Crime",7.8
Lat sau san taam,1992,R,128 min,"Action, Crime, Thriller",7.8
Night on Earth,1991,R,129 min,"Comedy, Drama",7.8
La double vie de Véronique,1991,R,98 min,"Drama, Fantasy, Music",7.8
Boyz n the Hood,1991,A,112 min,"Crime, Drama",7.8
Misery,1990,R,107 min,"Drama, Thriller",7.8
Awakenings,1990,U,121 min,"Biography, Drama",7.8
Majo no takkyûbin,1989,U,103 min,"Animation, Adventure, Drama",7.8
Glory,1989,R,122 min,"Biography, Drama, History",7.8
Dip huet seung hung,1989,R,111 min,"Action, Crime, Drama",7.8
Back to the Future Part II,1989,U,108 min,"Adventure, Comedy, Sci-Fi",7.8
Mississippi Burning,1988,A,128 min,"Crime, Drama, History",7.8
Predator,1987,A,107 min,"Action, Adventure, Sci-Fi",7.8
Evil Dead II,1987,A,84 min,"Action, Comedy, Fantasy",7.8
Ferris Bueller's Day Off,1986,U,103 min,Comedy,7.8
Down by Law,1986,R,107 min,"Comedy, Crime, Drama",7.8
The Goonies,1985,U,114 min,"Adventure, Comedy, Family",7.8
The Color Purple,1985,U,154 min,Drama,7.8
The Breakfast Club,1985,UA,97 min,"Comedy, Drama",7.8
The Killing Fields,1984,UA,141 min,"Biography, Drama, History",7.8
Ghostbusters,1984,UA,105 min,"Action, Comedy, Fantasy",7.8
The Right Stuff,1983,PG,193 min,"Adventure, Biography, Drama",7.8
The King of Comedy,1982,U,109 min,"Comedy, Crime, Drama",7.8
E.T. the Extra-Terrestrial,1982,U,115 min,"Family, Sci-Fi",7.8
Kramer vs. Kramer,1979,A,105 min,Drama,7.8
Days of Heaven,1978,PG,94 min,"Drama, Romance",7.8
The Outlaw Josey Wales,1976,A,135 min,Western,7.8
The Man Who Would Be King,1975,PG,129 min,"Adventure, History, War",7.8
The Conversation,1974,U,113 min,"Drama, Mystery, Thriller",7.8
La planète sauvage,1973,U,72 min,"Animation, Sci-Fi",7.8
The Day of the Jackal,1973,A,143 min,"Crime, Drama, Thriller",7.8
Badlands,1973,PG,94 min,"Action, Crime, Drama",7.8
Cabaret,1972,A,124 min,"Drama, Music, Musical",7.8
Willy Wonka & the Chocolate Factory,1971,U,100 min,"Family, Fantasy, Musical",7.8
Midnight Cowboy,1969,A,113 min,Drama,7.8
Wait Until Dark,1967,,108 min,Thriller,7.8
Guess Who's Coming to Dinner,1967,,108 min,"Comedy, Drama",7.8
Bonnie and Clyde,1967,A,111 min,"Action, Biography, Crime",7.8
My Fair Lady,1964,U,170 min,"Drama, Family, Musical",7.8
Mary Poppins,1964,U,139 min,"Comedy, Family, Fantasy",7.8
The Longest Day,1962,G,178 min,"Action, Drama, History",7.8
Jules et Jim,1962,,105 min,"Drama, Romance",7.8
The Innocents,1961,A,100 min,Horror,7.8
À bout de souffle,1960,U,90 min,"Crime, Drama",7.8
Red River,1948,Passed,133 min,"Action, Adventure, Drama",7.8
Key Largo,1948,,100 min,"Action, Crime, Drama",7.8
To Have and Have Not,1944,PG,100 min,"Adventure, Comedy, Film-Noir",7.8
Shadow of a Doubt,1943,PG,108 min,"Film-Noir, Thriller",7.8
Stagecoach,1939,Passed,96 min,"Adventure, Drama, Western",7.8
The Lady Vanishes,1938,,96 min,"Mystery, Thriller",7.8
Bringing Up Baby,1938,Passed,102 min,"Comedy, Family, Romance",7.8
Bride of Frankenstein,1935,,75 min,"Drama, Horror, Sci-Fi",7.8
Duck Soup,1933,,69 min,"Comedy, Musical, War",7.8
Scarface: The Shame of the Nation,1932,PG,93 min,"Action, Crime, Drama",7.8
Frankenstein,1931,Passed,70 min,"Drama, Horror, Sci-Fi",7.8
Roma,2018,R,135 min,Drama,7.7
God's Own Country,2017,,104 min,"Drama, Romance",7.7
Deadpool 2,2018,R,119 min,"Action, Adventure, Comedy",7.7
Wind River,2017,R,107 min,"Crime, Drama, Mystery",7.7
Get Out,2017,R,104 min,"Horror, Mystery, Thriller",7.7
Mission: Impossible - Fallout,2018,UA,147 min,"Action, Adventure, Thriller",7.7
En man som heter Ove,2015,PG-13,116 min,"Comedy, Drama, Romance",7.7
What We Do in the Shadows,2014,R,86 min,"Comedy, Horror",7.7
Omoide no Mânî,2014,U,103 min,"Animation, Drama, Family",7.7
The Theory of Everything,2014,U,123 min,"Biography, Drama, Romance",7.7
Kingsman: The Secret Service,2014,A,129 min,"Action, Adventure, Comedy",7.7
The Fault in Our Stars,2014,UA,126 min,"Drama, Romance",7.7
Me and Earl and the Dying Girl,2015,PG-13,105 min,"Comedy, Drama",7.7
Birdman or (The Unexpected Virtue of Ignorance),2014,A,119 min,"Comedy, Drama",7.7
La vie d'Adèle,2013,A,180 min,"Drama, Romance",7.7
Kai po che!,2013,U,130 min,"Drama, Sport",7.7
The Broken Circle Breakdown,2012,,111 min,"Drama, Music, Romance",7.7
Captain America: The Winter Soldier,2014,UA,136 min,"Action, Adventure, Sci-Fi",7.7
Rockstar,2011,UA,159 min,"Drama, Music, Musical",7.7
Nebraska,2013,UA,115 min,"Adventure, Comedy, Drama",7.7
Wreck-It Ralph,2012,U,101 min,"Animation, Adventure, Comedy",7.7
Le Petit Prince,2015,PG,108 min,"Animation, Adventure, Drama",7.7
Detachment,2011,,98 min,Drama,7.7
Midnight in Paris,2011,PG-13,96 min,"Comedy, Fantasy, Romance",7.7
The Lego Movie,2014,U,100 min,"Animation, Action, Adventure",7.7
Gravity,2013,UA,91 min,"Drama, Sci-Fi, Thriller",7.7
Star Trek Into Darkness,2013,UA,132 min,"Action, Adventure, Sci-Fi",7.7
Beasts of No Nation,2015,,137 min,"Drama, War",7.7
The Social Network,2010,UA,120 min,"Biography, Drama",7.7
X: First Class,2011,UA,131 min,"Action, Adventure, Sci-Fi",7.7
The Hangover,2009,UA,100 min,Comedy,7.7
Skyfall,2012,UA,143 min,"Action, Adventure, Thriller",7.7
Silver Linings Playbook,2012,A,122 min,"Comedy, Drama, Romance",7.7
Argo,2012,A,120 min,"Biography, Drama, Thriller",7.7
(500) Days of Summer,2009,UA,95 min,"Comedy, Drama, Romance",7.7
Harry Potter and the Deathly Hallows: Part 1,2010,A,146 min,"Adventure, Family, Fantasy",7.7
Gake no ue no Ponyo,2008,U,101 min,"Animation, Adventure, Comedy",7.7
Frost/Nixon,2008,R,122 min,"Biography, Drama, History",7.7
Papurika,2006,U,90 min,"Animation, Drama, Fantasy",7.7
Changeling,2008,R,141 min,"Biography, Crime, Drama",7.7
Flipped,2010,PG,90 min,"Comedy, Drama, Romance",7.7
Toki o kakeru shôjo,2006,U,98 min,"Animation, Adventure, Comedy",7.7
Death Note: Desu nôto,2006,,126 min,"Crime, Drama, Fantasy",7.7
This Is England,2006,,101 min,"Crime, Drama",7.7
Ex Machina,2014,UA,108 min,"Drama, Sci-Fi, Thriller",7.7
Efter brylluppet,2006,R,120 min,Drama,7.7
The Last King of Scotland,2006,R,123 min,"Biography, Drama, History",7.7
Zodiac,2007,UA,157 min,"Crime, Drama, Mystery",7.7
Lucky Number Slevin,2006,R,110 min,"Action, Crime, Drama",7.7
Joyeux Noël,2005,PG-13,116 min,"Drama, History, Music",7.7
Control,2007,R,122 min,"Biography, Drama, Music",7.7
Tangled,2010,U,100 min,"Animation, Adventure, Comedy",7.7
Zwartboek,2006,R,145 min,"Drama, Thriller, War",7.7
Brokeback Mountain,2005,A,134 min,"Drama, Romance",7.7
3:10 to Yuma,2007,A,122 min,"Action, Crime, Drama",7.7
Crash,2004,UA,112 min,"Crime, Drama, Thriller",7.7
Kung fu,2004,UA,99 min,"Action, Comedy, Fantasy",7.7
The Bourne Supremacy,2004,A,108 min,"Action, Mystery, Thriller",7.7
The Machinist,2004,R,101 min,"Drama, Thriller",7.7
Ray,2004,A,152 min,"Biography, Drama, Music",7.7
Lost in Translation,2003,UA,102 min,"Comedy, Drama",7.7
Harry Potter and the Goblet of Fire,2005,UA,157 min,"Adventure, Family, Fantasy",7.7
Man on Fire,2004,UA,146 min,"Action, Crime, Drama",7.7
Coraline,2009,U,100 min,"Animation, Drama, Family",7.7
The Last Samurai,2003,UA,154 min,"Action, Drama",7.7
The Magdalene Sisters,2002,R,114 min,Drama,7.7
Good Bye Lenin!,2003,R,121 min,"Comedy, Drama, Romance",7.7
In America,2002,PG-13,105 min,Drama,7.7
I Am Sam,2001,PG-13,132 min,Drama,7.7
Adaptation.,2002,R,115 min,"Comedy, Drama",7.7
Black Hawk Down,2001,A,144 min,"Drama, History, War",7.7
Road to Perdition,2002,A,117 min,"Crime, Drama, Thriller",7.7
Das Experiment,2001,R,120 min,"Drama, Thriller",7.7
Billy Elliot,2000,R,110 min,"Drama, Music",7.7
Hedwig and the Angry Inch,2001,R,95 min,"Comedy, Drama, Music",7.7
Ocean's Eleven,2001,UA,116 min,"Crime, Thriller",7.7
Vampire Hunter D: Bloodlust,2000,U,103 min,"Animation, Action, Fantasy",7.7
"O Brother, Where Art Thou?",2000,U,107 min,"Adventure, Comedy, Crime",7.7
Interstate 60: Episodes of the Road,2002,R,116 min,"Adventure, Comedy, Drama",7.7
"South Park: Bigger, Longer & Uncut",1999,A,81 min,"Animation, Comedy, Fantasy",7.7
Office Space,1999,R,89 min,Comedy,7.7
Happiness,1998,,134 min,"Comedy, Drama",7.7
Training Day,2001,A,122 min,"Crime, Drama, Thriller",7.7
Rushmore,1998,UA,93 min,"Comedy, Drama, Romance",7.7
Abre los ojos,1997,U,119 min,"Drama, Mystery, Sci-Fi",7.7
Being John Malkovich,1999,R,113 min,"Comedy, Drama, Fantasy",7.7
As Good as It Gets,1997,A,139 min,"Comedy, Drama, Romance",7.7
The Fifth Element,1997,UA,126 min,"Action, Adventure, Sci-Fi",7.7
Le dîner de cons,1998,PG-13,80 min,Comedy,7.7
Donnie Brasco,1997,A,127 min,"Biography, Crime, Drama",7.7
Shine,1996,U,105 min,"Biography, Drama, Music",7.7
Primal Fear,1996,A,129 min,"Crime, Drama, Mystery",7.7
Hamlet,1996,PG-13,242 min,Drama,7.7
A Little Princess,1995,U,97 min,"Drama, Family, Fantasy",7.7
Do lok tin si,1995,UA,99 min,"Comedy, Crime, Drama",7.7
Il postino,1994,U,108 min,"Biography, Comedy, Drama",7.7
Clerks,1994,R,92 min,Comedy,7.7
Short Cuts,1993,R,188 min,"Comedy, Drama",7.7
Philadelphia,1993,UA,125 min,Drama,7.7
The Muppet Christmas Carol,1992,G,85 min,"Comedy, Drama, Family",7.7
Malcolm X,1992,U,202 min,"Biography, Drama, History",7.7
The Last of the Mohicans,1992,UA,112 min,"Action, Adventure, Drama",7.7
Kurenai no buta,1992,U,94 min,"Animation, Adventure, Comedy",7.7
Glengarry Glen Ross,1992,R,100 min,"Crime, Drama, Mystery",7.7
A Few Good Men,1992,U,138 min,"Drama, Thriller",7.7
Fried Green Tomatoes,1991,PG-13,130 min,Drama,7.7
Barton Fink,1991,U,116 min,"Comedy, Drama, Thriller",7.7
Miller's Crossing,1990,R,115 min,"Crime, Drama, Thriller",7.7
Who Framed Roger Rabbit,1988,U,104 min,"Animation, Adventure, Comedy",7.7
Spoorloos,1988,,107 min,"Mystery, Thriller",7.7
Withnail & I,1987,R,107 min,"Comedy, Drama",7.7
The Last Emperor,1987,U,163 min,"Biography, Drama, History",7.7
Empire of the Sun,1987,U,153 min,"Action, Drama, History",7.7
Der Name der Rose,1986,R,130 min,"Crime, Drama, Mystery",7.7
Blue Velvet,1986,A,120 min,"Drama, Mystery, Thriller",7.7
The Purple Rose of Cairo,1985,U,82 min,"Comedy, Fantasy, Romance",7.7
After Hours,1985,UA,97 min,"Comedy, Crime, Drama",7.7
Zelig,1983,PG,79 min,Comedy,7.7
The Verdict,1982,U,129 min,Drama,7.7
Star Trek II: The Wrath of Khan,1982,U,113 min,"Action, Adventure, Sci-Fi",7.7
First Blood,1982,A,93 min,"Action, Adventure",7.7
Ordinary People,1980,U,124 min,Drama,7.7
Airplane!,1980,U,88 min,Comedy,7.7
Rupan sansei: Kariosutoro no shiro,1979,U,100 min,"Animation, Adventure, Family",7.7
Halloween,1978,A,91 min,"Horror, Thriller",7.7
Le locataire,1976,R,126 min,"Drama, Thriller",7.7
Love and Death,1975,PG,85 min,"Comedy, War",7.7
The Taking of Pelham One Two Three,1974,U,104 min,"Action, Crime, Thriller",7.7
Blazing Saddles,1974,A,93 min,"Comedy, Western",7.7
Serpico,1973,A,130 min,"Biography, Crime, Drama",7.7
Enter the Dragon,1973,A,102 min,"Action, Crime, Drama",7.7
Deliverance,1972,U,109 min,"Adventure, Drama, Thriller",7.7
The French Connection,1971,A,104 min,"Action, Crime, Drama",7.7
Dirty Harry,1971,A,102 min,"Action, Crime, Thriller",7.7
Where Eagles Dare,1968,U,158 min,"Action, Adventure, War",7.7
The Odd Couple,1968,G,105 min,Comedy,7.7
The Dirty Dozen,1967,,150 min,"Action, Adventure, War",7.7
Belle de jour,1967,A,100 min,"Drama, Romance",7.7
A Man for All Seasons,1966,U,120 min,"Biography, Drama, History",7.7
Repulsion,1965,,105 min,"Drama, Horror, Thriller",7.7
Zulu,1964,U,138 min,"Drama, History, War",7.7
Goldfinger,1964,A,110 min,"Action, Adventure, Thriller",7.7
The Birds,1963,A,119 min,"Drama, Horror, Mystery",7.7
Cape Fear,1962,Passed,106 min,"Drama, Thriller",7.7
Peeping Tom,1960,,101 min,"Drama, Horror, Thriller",7.7
The Magnificent Seven,1960,Approved,128 min,"Action, Adventure, Western",7.7
Les yeux sans visage,1960,,90 min,"Drama, Horror",7.7
Invasion of the Body Snatchers,1956,Approved,80 min,"Drama, Horror, Sci-Fi",7.7
Rebel Without a Cause,1955,PG-13,111 min,Drama,7.7
The Ladykillers,1955,,91 min,"Comedy, Crime",7.7
Sabrina,1954,Passed,113 min,"Comedy, Drama, Romance",7.7
The Quiet Man,1952,Passed,129 min,"Comedy, Drama, Romance",7.7
The Day the Earth Stood Still,1951,U,92 min,"Drama, Sci-Fi",7.7
The African Queen,1951,PG,105 min,"Adventure, Drama, Romance",7.7
Gilda,1946,Approved,110 min,"Drama, Film-Noir, Romance",7.7
Fantasia,1940,G,125 min,"Animation, Family, Fantasy",7.7
The Invisible Man,1933,TV-PG,71 min,"Horror, Sci-Fi",7.7
Dark Waters,2019,PG-13,126 min,"Biography, Drama, History",7.6
Searching,2018,U/A,102 min,"Drama, Mystery, Thriller",7.6
Once Upon a Time... in Hollywood,2019,A,161 min,"Comedy, Drama",7.6
Nelyubov,2017,R,127 min,Drama,7.6
The Florida Project,2017,A,111 min,Drama,7.6
Just Mercy,2019,A,137 min,"Biography, Crime, Drama",7.6
Gifted,2017,PG-13,101 min,Drama,7.6
The Peanut Butter Falcon,2019,PG-13,97 min,"Adventure, Comedy, Drama",7.6
Victoria,2015,,138 min,"Crime, Drama, Romance",7.6
Mustang,2015,PG-13,97 min,Drama,7.6
Guardians of the Galaxy Vol. 2,2017,UA,136 min,"Action, Adventure, Comedy",7.6
Baby Driver,2017,UA,113 min,"Action, Crime, Drama",7.6
Only the Brave,2017,UA,134 min,"Action, Biography, Drama",7.6
Bridge of Spies,2015,UA,142 min,"Drama, History, Thriller",7.6
Incredibles 2,2018,UA,118 min,"Animation, Action, Adventure",7.6
Moana,2016,U,107 min,"Animation, Adventure, Comedy",7.6
Sicario,2015,A,121 min,"Action, Crime, Drama",7.6
Creed,2015,A,133 min,"Drama, Sport",7.6
Leviafan,2014,R,140 min,"Crime, Drama",7.6
Hell or High Water,2016,R,102 min,"Action, Crime, Drama",7.6
Philomena,2013,PG-13,98 min,"Biography, Comedy, Drama",7.6
Dawn of the Planet of the Apes,2014,UA,130 min,"Action, Adventure, Drama",7.6
El cuerpo,2012,,112 min,"Mystery, Thriller",7.6
Serbuan maut,2011,A,101 min,"Action, Thriller",7.6
End of Watch,2012,A,109 min,"Action, Crime, Drama",7.6
Kari-gurashi no Arietti,2010,U,94 min,"Animation, Adventure, Family",7.6
A Star Is Born,2018,UA,136 min,"Drama, Music, Romance",7.6
True Grit,2010,PG-13,110 min,"Drama, Western",7.6
Hævnen,2010,R,118 min,"Drama, Romance",7.6
Despicable Me,2010,U,95 min,"Animation, Comedy, Crime",7.6
50/50,2011,R,100 min,"Comedy, Drama, Romance",7.6
Kick-Ass,2010,UA,117 min,"Action, Comedy, Crime",7.6
Celda 211,2009,,113 min,"Action, Adventure, Crime",7.6
Moneyball,2011,PG-13,133 min,"Biography, Drama, Sport",7.6
La piel que habito,2011,R,120 min,"Drama, Horror, Thriller",7.6
Zombieland,2009,A,88 min,"Adventure, Comedy, Fantasy",7.6
Die Welle,2008,,107 min,"Drama, Thriller",7.6
Sherlock Holmes,2009,PG-13,128 min,"Action, Adventure, Mystery",7.6
The Blind Side,2009,UA,129 min,"Biography, Drama, Sport",7.6
The Visitor,2007,PG-13,104 min,Drama,7.6
Seven Pounds,2008,UA,123 min,Drama,7.6
Eastern Promises,2007,R,100 min,"Action, Crime, Drama",7.6
Stardust,2007,U,127 min,"Adventure, Family, Fantasy",7.6
The Secret of Kells,2009,,71 min,"Animation, Adventure, Family",7.6
Inside Man,2006,R,129 min,"Crime, Drama, Mystery",7.6
Gone Baby Gone,2007,R,114 min,"Crime, Drama, Mystery",7.6
La Vie En Rose,2007,PG-13,140 min,"Biography, Drama, Music",7.6
Huo Yuan Jia,2006,PG-13,104 min,"Action, Biography, Drama",7.6
The Illusionist,2006,U,110 min,"Drama, Fantasy, Mystery",7.6
Dead Man's Shoes,2004,,90 min,"Crime, Drama, Thriller",7.6
Harry Potter and the Half-Blood Prince,2009,UA,153 min,"Action, Adventure, Family",7.6
300,2006,A,117 min,"Action, Drama",7.6
Match Point,2005,R,124 min,"Drama, Romance, Thriller",7.6
Watchmen,2009,A,162 min,"Action, Drama, Mystery",7.6
Lord of War,2005,R,122 min,"Action, Crime, Drama",7.6
Saw,2004,UA,103 min,"Horror, Mystery, Thriller",7.6
"Synecdoche, New York",2008,R,124 min,Drama,7.6
Mysterious Skin,2004,R,105 min,Drama,7.6
Jeux d'enfants,2003,R,93 min,"Comedy, Drama, Romance",7.6
Un long dimanche de fiançailles,2004,U,133 min,"Drama, Mystery, Romance",7.6
The Station Agent,2003,R,89 min,"Comedy, Drama",7.6
21 Grams,2003,UA,124 min,"Crime, Drama, Thriller",7.6
Boksuneun naui geot,2002,R,129 min,"Crime, Drama, Thriller",7.6
Finding Neverland,2004,U,106 min,"Biography, Drama, Family",7.6
25th Hour,2002,R,135 min,Drama,7.6
The Butterfly Effect,2004,U,113 min,"Drama, Sci-Fi, Thriller",7.6
28 Days Later...,2002,A,113 min,"Drama, Horror, Sci-Fi",7.6
Batoru rowaiaru,2000,,114 min,"Action, Adventure, Drama",7.6
The Royal Tenenbaums,2001,A,110 min,"Comedy, Drama",7.6
Y tu mamá también,2001,A,106 min,Drama,7.6
Harry Potter and the Sorcerer's Stone,2001,U,152 min,"Adventure, Family, Fantasy",7.6
The Others,2001,PG-13,101 min,"Horror, Mystery, Thriller",7.6
Blow,2001,R,124 min,"Biography, Crime, Drama",7.6
Enemy at the Gates,2001,A,131 min,"Drama, History, War",7.6
Minority Report,2002,A,145 min,"Action, Crime, Mystery",7.6
The Hurricane,1999,R,146 min,"Biography, Drama, Sport",7.6
American Psycho,2000,A,101 min,"Comedy, Crime, Drama",7.6
Lola rennt,1998,UA,81 min,"Crime, Drama, Thriller",7.6
The Thin Red Line,1998,A,170 min,"Drama, War",7.6
Mulan,1998,U,88 min,"Animation, Adventure, Family",7.6
Fear and Loathing in Las Vegas,1998,R,118 min,"Adventure, Comedy, Drama",7.6
Funny Games,1997,A,108 min,"Crime, Drama, Thriller",7.6
Dark City,1998,A,100 min,"Mystery, Sci-Fi, Thriller",7.6
Sleepers,1996,UA,147 min,"Crime, Drama, Thriller",7.6
Lost Highway,1997,A,134 min,"Mystery, Thriller",7.6
Sense and Sensibility,1995,U,136 min,"Drama, Romance",7.6
Die Hard: With a Vengeance,1995,A,128 min,"Action, Adventure, Thriller",7.6
Dead Man,1995,R,121 min,"Adventure, Drama, Fantasy",7.6
The Bridges of Madison County,1995,A,135 min,"Drama, Romance",7.6
Apollo 13,PG,U,140 min,"Adventure, Drama, History",7.6
Trois couleurs: Blanc,1994,U,92 min,"Comedy, Drama, Romance",7.6
Falling Down,1993,R,113 min,"Action, Crime, Drama",7.6
Dazed and Confused,1993,U,102 min,Comedy,7.6
My Cousin Vinny,1992,UA,120 min,"Comedy, Crime",7.6
Omohide poro poro,1991,U,118 min,"Animation, Drama, Romance",7.6
Delicatessen,1991,R,99 min,"Comedy, Crime",7.6
Home Alone,1990,U,103 min,"Comedy, Family",7.6
The Godfather: Part III,1990,A,162 min,"Crime, Drama",7.6
When Harry Met Sally...,1989,UA,95 min,"Comedy, Drama, Romance",7.6
The Little Mermaid,1989,U,83 min,"Animation, Family, Fantasy",7.6
The Naked Gun: From the Files of Police Squad!,1988,U,85 min,"Comedy, Crime",7.6
"Planes, Trains & Automobiles",1987,U,93 min,"Comedy, Drama",7.6
Lethal Weapon,1987,A,109 min,"Action, Crime, Thriller",7.6
Blood Simple,1984,A,99 min,"Crime, Drama, Thriller",7.6
On Golden Pond,1981,UA,109 min,Drama,7.6
Mad Max 2,1981,A,96 min,"Action, Adventure, Sci-Fi",7.6
The Warriors,1979,UA,92 min,"Action, Crime, Thriller",7.6
The Muppet Movie,1979,U,95 min,"Adventure, Comedy, Family",7.6
Escape from Alcatraz,1979,A,112 min,"Action, Biography, Crime",7.6
Watership Down,1978,U,91 min,"Animation, Adventure, Drama",7.6
Midnight Express,1978,A,121 min,"Biography, Crime, Drama",7.6
Close Encounters of the Third Kind,1977,U,138 min,"Drama, Sci-Fi",7.6
The Long Goodbye,1973,A,112 min,"Comedy, Crime, Drama",7.6
Giù la testa,1971,PG,157 min,"Drama, War, Western",7.6
Kelly's Heroes,1970,GP,144 min,"Adventure, Comedy, War",7.6
The Jungle Book,1967,U,78 min,"Animation, Adventure, Family",7.6
Blowup,1966,A,111 min,"Drama, Mystery, Thriller",7.6
A Hard Day's Night,1964,U,87 min,"Comedy, Music, Musical",7.6
Breakfast at Tiffany's,1961,A,115 min,"Comedy, Drama, Romance",7.6
Giant,1956,G,201 min,"Drama, Western",7.6
From Here to Eternity,1953,Passed,118 min,"Drama, Romance, War",7.6
Lifeboat,1944,,97 min,"Drama, War",7.6
The 39 Steps,1935,,86 min,"Crime, Mystery, Thriller",7.6
